,id, firs_name,heights
0,0, Afred,1.6
1,1, John,1.6500000000000001
2,2, Arthur,1.7
3,3, Bob,1.75
4,4, Clara,1.8
5,5, Barbs,1.8499999999999999
6,6, Mihaela,1.9
